Pair,logL (Strict Isolation Model),T0 parameter (Strict Isolation Model),Theta parameter (Strict Isolation Model).,logL (IM Model),Migration parameter (IM Model),T0 parameter  (IM Model),Theta parameter (IM Model),logL (IIM Model),Migration parameter (IIM Model),T1 parameter (IIM Model),T0 parameter (IIM Model),Theta parameter (IIM Model),logL (Secondary Contact Model),f (admixture fraction),T1 parameter (SC Model),T0 parameter (SC Model),Theta parameter (SC model),"SI vs. IM (2ÆlnL, 1 d.f.) ","IM vs. IIM (2ÆlnL, 1 d.f.) ","SI vs. SC (2ÆlnL, 2 d.f.) ",Best Fitting Model,Ancestral Ne Parameter Estimates (Best fitting model),Divergence Time Parameter Estimates (Best fitting model),Probability of Migration (Best fitting model),Phylogenetic node (for correction),DXY,Biogeography,Sympatry (%),Premating Isolation (RI),Postzygotic Isolation (RI)
D. affinis - D. athabasca,-7210.822248,9.80E-07,2.911344665,-7140.759641,14.9999965,2.536271642,1.644609916,-7139.478458,19.9999601,0.001000029,2.481996569,1.66229253,-7109.092459,0.54130723,0.001000082,2.745215235,1.288330932,10.80212874,0.197530527,15.68451881,Secondary contact model,708123.1488,3887900.914,0.54130723,6,0.02185,Sympatry,0.09756086,0.775519466,NA
D. ambigua - D. obscura,-5450.64698,0.19024285,2.453976733,-5388.925962,0.230458363,9.999998268,0.535008809,-5386.500408,0.132326691,0.001000438,14.99997625,0.363511093,-5375.461959,0.459604272,0.001000402,2.093909598,1.369990344,12.52964231,0.492398295,15.26289505,Secondary contact model,1042039.631,4363873.572,0.459604272,28,0.03024,Sympatry,0.813006281,0.993894994,NA
D. ambigua - D. persimilis,-1550.52478,0.367575529,1.93456515,-1544.633633,0.431766712,6.677859708,0.699036121,-1543.326422,0.187755975,0.758199443,14.99872756,0.354876221,-1544.660028,0.678809659,0.813253215,4.271136473,0.904843286,3.991292005,0.885644309,3.973409214,IM Model,751975.1732,10043169.42,0.944048811,27,0.04306,Allopatry,0,NA,1
D. ambigua - D. pseudoobscura,-1518.764726,0.388693207,1.88815568,-1509.645008,1.063144729,2.907957126,1.117048176,-1509.647178,1.064594284,0.001002566,2.910513807,1.116589721,-1509.914556,0.489374324,0.197070917,1.936689248,1.257367097,6.28946069,-0.001496552,6.103565517,IM Model,1201643.907,6988657.925,0.954569755,27,0.04307,Allopatry,0,NA,1
D. americana - D. lacicola,-4654.591383,0.446679259,2.017515123,-4591.12368,0.144690183,9.999992836,0.440268012,-4590.786,0.086614814,0.001002159,14.99968709,0.300165188,-4588.472176,0.355839677,0.085358368,2.571697229,1.086245473,14.87059583,0.079119025,15.49184794,IM Model,404301.3628,8086021.463,0.764701373,21,0.0365,Sympatry,0.048774849,1,NA
D. americana - D. littoralis,-4936.578107,0.53421022,2.008480799,-4888.606239,0.364546619,4.692259134,0.860183784,-4888.608414,0.364173656,0.001004516,4.699792499,0.859171507,-4889.547126,0.420148861,0.362624453,2.740525645,1.12401401,10.73196152,-0.000486577,10.52147226,IM Model,771105.6583,7236455.137,0.819232943,20,0.03572,Allopatry,0,0.756484913,NA
D. americana -  D. montana,-4723.421971,0.374613283,2.175967037,-4664.143222,0.165914939,9.99999026,0.475970317,-4663.990855,0.106760059,0.001002221,14.05027366,0.345242615,-4662.183341,0.403487844,0.115250983,2.410128801,1.204067748,13.8631312,0.035633068,14.32147568,IM Model,437087.0528,8741732.541,0.809698697,21,0.03678,Sympatry,0.027513155,0.992359932,1
D. americana -  D. virilis,-5552.914206,0.582879015,1.934000652,-5503.067134,0.378393,4.272691129,0.894806678,-5503.042402,0.37280348,0.035823498,4.460446469,0.867734658,-5504.083976,0.440941782,0.519430213,3.104208125,1.032659279,9.855095295,0.00488968,9.654058917,IM Model,802143.1064,6854619.469,0.801458141,19,0.03591,Allopatry,0,0.64428754,0
D. arizonae - D. mojavensis,-6945.429798,0.195375395,2.49438371,-6897.166723,2.784102256,2.694268549,1.503794093,-6897.939898,5.027038727,0.001000683,1.999996598,1.70106622,-6897.24424,0.583004838,0.123008092,1.924744742,1.590827208,7.736946938,-0.123945976,7.724520359,IM Model,935847.1653,5042847.168,0.999447531,4,0.02482,Allopatry,0,0.766970618,0.375
D. auraria-  D. rufa,-4578.564948,0.320080896,2.240492388,-4543.689943,1.157315793,3.101721351,1.258200502,-4543.706382,1.157629487,0.001000543,3.106829313,1.25716669,-4542.92375,0.435999434,0.044530747,1.548829072,1.56244066,8.395523592,-0.00395739,8.579970631,IM Model,1141494.141,7081193.498,0.972392524,29,0.03613,Sympatry,0.621952077,0.987677141,NA
D. bipectinata - D. malerkotliana,-5959.263578,0.085767754,2.710687954,-5952.918452,2.356536754,6.917557711,1.245257354,-5952.928974,2.380453538,0.00100085,6.900221545,1.247017718,-5951.852925,0.716772673,0.008226076,0.738339968,2.422339888,1.18600486,-0.001966729,1.385168785,Strict Isolation,1300115.088,223015.9021,0,30,0.01909,Sympatry,0.910956286,0.838798283,0.5
D. bipectinata - D. parabipectinata,-5860.157034,0.148282039,2.518167287,-5845.988372,14.99999476,1.004818977,2.030971752,-5845.33022,19.99991444,0.001000097,0.974502009,2.053807996,-5843.192549,0.577244923,0.001000303,0.810955986,2.152388166,2.667293298,0.123899096,3.193615399,IM Model,926876.4841,1862686.161,0.999999715,7,0.01821,Sympatry,0.878765984,0.55012987,0.5
D. bipectinata - D. pseudoananassae,-4279.566198,0.147308379,2.574476228,-4251.22238,14.99985397,1.830365138,1.799003374,-4251.223966,19.32833792,0.001000922,1.776488604,1.820032517,-4250.510908,0.553958261,0.001002086,1.386198301,1.824568048,7.369687467,-0.000412376,7.554677587,IM Model,1167820.013,4275074.079,1,31,0.02585,Sympatry,0.918735824,0.840869565,NA
D. borealis - D. lacicola,-7301.309378,0.170215202,2.562976706,-7226.483059,0.252140099,9.999998392,0.572100843,-7223.098747,0.143736791,0.001000358,14.9999824,0.389121435,-7218.194084,0.522711623,0.092008277,2.360787077,1.379040707,11.45885436,0.518271363,12.72822266,IM Model,458296.6251,9165931.027,0.919652869,17,0.03206,Sympatry,0.856871409,1,NA
D. borealis - D. littoralis,-4565.18177,0.397075381,2.140606616,-4514.689811,0.224119009,8.009974412,0.581963808,-4514.693993,0.223103374,0.001002173,8.040001701,0.580053925,-4515.046188,0.466879027,0.359025659,3.067322803,1.066971625,12.18435304,-0.00100917,12.09835473,IM Model,608646.8876,9750491.99,0.833903498,21,0.04192,Allopatry,0,1,NA
D. borealis - D. montana,-7316.90635,0.209515664,2.475038275,-7237.641016,2.543333734,2.437433288,1.527948842,-7238.338292,3.992249334,0.001000148,1.999997281,1.676758971,-7316.906355,0.999999989,0.209515721,2.844206972,2.475038074,12.08313018,-0.106292073,-7.62E-07,IM Model,1237165.47,6031016.598,0.99796895,17,0.03209,Sympatry,0.579443442,0.994594595,0.5
D. erecta - D. orena,-5244.195345,0.720939169,1.723443679,-5206.394161,0.356762737,3.701921493,0.90448694,-5206.102485,0.34608415,0.181651125,4.476308427,0.790516074,-5207.158733,0.415551382,0.610067192,3.137316544,0.960748834,7.755679934,0.05984325,7.598812474,IM Model,716936.3824,5308084.406,0.733053431,9,0.03145,Sympatry,0.528855322,1,NA
D. flavomontana- D. montana,-7703.510644,0.224035539,2.437344182,-7646.033045,2.675686678,2.430290091,1.53532995,-7646.068665,2.695690352,0.001000244,2.427440434,1.536234793,-7643.957416,0.504909129,0.039129887,1.553008441,1.667971383,8.298815911,-0.00514294,8.598502455,IM Model,1179716.276,5734105.551,0.9985006,22,0.03069,Sympatry,0.541242239,0.992857143,0.5
D. insularis - D. willistoni,-3821.313274,0.394770722,2.19223035,-3784.756773,1.06714186,2.56796473,1.350918206,-3784.786371,1.068103631,0.001000297,2.571020519,1.350054777,-3777.508286,0.359324178,0.001000239,1.66430232,1.479525079,10.64545748,-0.008619103,12.75625743,Secondary contact model,1392625.263,4635498.912,0.359324178,12,0.03749,Sympatry,0.500678112,0.923036649,NA
D. jambulina - D. punjabiensis,-5730.428418,2.89E-08,2.865792436,-5717.401577,14.99999387,5.043103512,1.446996339,-5716.799594,19.99990998,0.001000087,4.957049958,1.460111414,-5716.070742,0.79218196,0.009893742,2.154968701,1.968698105,2.511924605,0.116078481,2.768545314,IM Model,999638.2357,10082558.19,1,11,0.02758,Sympatry,0.799819884,0.991326531,NA
D. kanekoi - D. ezoana,-5448.120234,0.067532451,2.743609825,-5385.569955,14.99999524,1.99999981,1.749802919,-5384.934843,19.99991696,0.001000067,1.999997546,1.757891789,-5368.047772,0.512493409,0.001000123,2.420983491,1.34304859,12.78101328,0.1297736,16.36135309,Secondary contact model,1203966.392,5829565.52,0.512493409,3,0.03565,Sympatry,0.548693807,0.9945,NA
D. kanekoi - D. littoralis,-4754.110539,0.378924881,2.160660561,-4713.230985,0.598854472,4.27937614,0.98907198,-4713.240416,0.597265569,0.001000956,4.29215364,0.987131565,-4713.484805,0.467379777,0.200706919,2.152239075,1.330005579,9.467242705,-0.002184113,9.408460862,IM Model,993044.1566,8499218.94,0.922905383,18,0.04005,Allopatry,0,0.5515,NA
D. kanekoi - D. lummei,-4886.856363,0.05625221,2.644316243,-4827.674594,14.99999396,2.176349226,1.629753135,-4827.35654,19.99992116,0.001000064,1.999996849,1.675659023,-4806.364291,0.494555898,0.0010001,2.714797791,1.177167672,13.23976935,0.07115302,18.00717494,Secondary contact model,1094347.456,5941864.116,0.494555898,20,0.0369,Sympatry,0.620773467,0.722052705,NA
D. kanekoi - D. virilis,-4045.501826,0.559259666,1.824684002,-4006.220279,0.250256198,6.138591146,0.637463831,-4006.220483,0.24987518,0.001045631,6.149314183,0.636553131,-4007.172581,0.422314829,0.466162429,3.27435929,0.921234726,10.39744494,-5.40E-05,10.14537983,IM Model,716444.6941,8795922.111,0.784806886,20,0.04497,Sympatry,0.570113194,0.691660291,NA
D. kepulauna - D. albomicans,-7806.505781,0.218424458,2.46851667,-7802.961897,6.323261341,0.54479444,2.325253707,-7799.187971,0.482568505,0.230881278,13.7914898,0.708321893,-7801.323253,0.843798571,0.212096077,1.44285603,2.141714715,0.505402738,0.538209641,0.739094124,Strict Isolation,1004769.078,438932.2824,0,16,0.01626,Allopatry,0,0.939064857,0
D. kikkawai- D. leontia,-6687.592717,0.300537535,2.334866338,-6672.379987,3.710535684,1.055062192,1.988967656,-6672.379263,3.901265438,0.005859803,1.056087202,1.987560971,-6672.398944,0.528133673,0.11195588,0.983963739,1.993256816,2.52955271,0.000120386,2.526400565,IM Model,730593.4675,1541643.091,0.980056326,10,0.01461,Sympatry,0.503136595,0.971875,0
D. kohkoa - D. albomicans,-8672.59216,0.070207339,2.946313404,-8638.533773,5.382275948,4.40379799,1.540409174,-8638.540149,5.461423741,0.001001413,4.397742877,1.541625661,-8639.269051,0.757272271,0.208307913,3.142251375,1.641882982,4.493190897,-0.000841161,4.396188522,IM Model,1044996.997,9203911.354,1,15,0.02701,Sympatry,0.366715714,1,0.75
D. littoralis - D. ezoana,-5464.682073,0.064078147,2.693278304,-5409.718926,14.99999575,1.999999851,1.715759132,-5408.329378,19.99988722,0.001000083,2.263065206,1.668472902,-5396.712051,0.539557288,0.001000121,2.224564176,1.415346593,11.10366606,0.280716768,13.73131758,Secondary contact model,1197497.794,5327821.389,0.539557288,18,0.03372,Sympatry,0.149253743,0.84125,NA
D. littoralis - D. montana,-4686.20861,0.342983699,2.113466523,-4625.747585,0.173783554,9.999996857,0.460451651,-4624.796269,0.102493397,0.001001384,14.99992069,0.31336799,-4623.041052,0.401268081,0.068451812,2.431763614,1.142910148,14.00209009,0.220314034,14.62889254,IM Model,456217.9484,9124356.101,0.824098979,21,0.03954,Sympatry,0.239538928,0.784,0.75
D. loweii - D. pseudoobscura,-4670.558832,0.55460586,1.899424515,-4634.772799,0.411182912,4.290779247,0.881639508,-4634.479548,0.343643643,0.179614002,5.633741141,0.724298831,-4636.550953,0.472250402,0.517847276,2.967123301,1.050669709,8.310736879,0.06810288,7.897788899,IM Model,677433.8487,5813438.198,0.828692299,25,0.03056,Sympatry,0.504182051,0.98,NA
D. lummei - D. ezoana,-5516.31166,0.067257717,2.831802501,-5449.057496,14.99999504,1.999999768,1.803573531,-5448.467259,19.99990854,0.001000069,1.999996377,1.811821173,-5428.952922,0.503855674,0.001000136,2.480511232,1.354537146,13.7365531,0.120554943,17.84287949,Secondary contact model,1228894.929,6096575.347,0.503855674,20,0.03623,Sympatry,0.400403627,1,NA
D. lummei - D. littoralis,-5306.845364,0.029164813,2.937077612,-5267.803212,0.299010598,9.999999352,0.62340652,-5250.429662,19.99994855,0.001000045,1.999999048,1.825162476,-5232.407857,0.538596258,0.001000128,2.550399734,1.388281475,8.296249894,3.69178708,15.8175748,IIM Model,1579734.867,6318936.46,1,20,0.03465,Sympatry,0.066605301,0.629,NA
D. lummei - D. virilis,-6034.841548,0.028596977,2.915507564,-5998.48554,14.99999339,3.044438787,1.634881018,-5997.918435,19.99990802,0.001000081,2.95934643,1.654286704,-5994.420555,0.650695553,0.00100012,1.75441622,1.858621938,6.772728763,0.105645492,7.529991244,IM Model,1052209.491,6406774.77,1,19,0.02554,Sympatry,0.790267375,0.263,0
D. malerkotliana - D. parabipectinata,-6645.967112,0.006599765,2.979490041,-6629.490702,14.99999099,4.709840118,1.525904462,-6629.035199,19.99987915,0.001000112,4.613585885,1.540451623,-6629.339542,0.775098228,0.001000114,1.456405702,2.257810491,2.787886633,0.077073266,2.813463621,IM Model,722656.8832,6807196.76,1,30,0.01885,Sympatry,0.810373954,0.853214286,0.625
D. malerkotliana - D. pseudoananassae,-4271.435722,0.148658598,2.481110243,-4246.99767,14.99998427,1.6414102,1.783004737,-4246.842438,19.99964201,0.001000317,1.583106993,1.807437959,-4245.498304,0.559984162,0.001000303,1.250339431,1.837800941,6.279047276,0.039884892,6.664290339,IM Model,1157434.525,3799649.67,1,31,0.02577,Sympatry,0.844164238,0.956950673,0.95
D. mauritiana - D. erecta,-3250.154822,1.055996266,1.352124029,-3238.888417,0.253721969,3.058226739,0.861832679,-3235.865894,0.105107809,3.141142764,14.9980586,0.229808097,-3236.40295,0.48788912,1.605276423,4.999982549,0.640113042,3.572100507,0.958314204,4.360136969,IM Model,791427.3059,4840728.298,0.539728519,36,0.03648,Allopatry,0,0.984042553,NA
D. mauritiana - D. orena,-3412.244355,0.725176776,1.702883453,-3383.87298,0.276306314,4.62364259,0.763581138,-3383.385077,0.219585291,0.334659798,6.627871879,0.571495942,-3383.593289,0.429685081,0.887677829,4.26286899,0.770543781,8.91620836,0.153332181,9.004106223,IM Model,737161.2778,6816740.56,0.721278104,36,0.03864,Allopatry,0,0.9953125,NA
D. mauritiana - D. sechellia,-6972.980457,0.374946701,2.231417666,-6950.32687,2.323917488,1.136467305,1.899388954,-6950.349812,2.33750153,0.001000384,1.136350407,1.899282162,-6946.680382,0.336437446,0.001000396,0.909312883,1.913091081,3.611860172,-0.003657844,4.193251754,IM Model,922750.172,2097350.802,0.928713939,32,0.01932,Allopatry,0,0.920463693,0.5
D. mauritiana - D. teissieri,-4228.6541,0.474026886,2.022950929,-4187.534226,0.330585862,5.554939024,0.759408097,-4187.531858,0.324978554,0.012236462,5.67010349,0.747373958,-4188.037096,0.481526235,0.553751111,3.500737933,0.967614356,10.64178934,0.000612836,10.511647,IM Model,794227.0091,8823765.213,0.840607102,36,0.04177,Allopatry,0,0.875842697,NA
D. mauritiana - D. yakuba,-2932.366309,0.752482189,1.594341135,-2916.875009,0.473675037,2.64429361,1.040851915,-2916.876085,0.4742205,0.001008813,2.645862173,1.0404485,-2916.918211,0.324164676,0.275852098,2.084297287,1.118488274,5.548459885,-0.000385387,5.53298639,IM Model,944306.0631,4994044.977,0.714220582,36,0.03605,Allopatry,0,0.989247312,NA
D. melanogaster - D. erecta,-3071.132952,0.599949158,1.810764328,-3046.211047,0.361779874,4.408439867,0.826385127,-3046.173376,0.345903499,0.075516685,4.857769449,0.770314658,-3047.262972,0.43717875,0.510100494,3.046498266,0.986210629,8.720050735,0.013180896,8.351987404,IM Model,732091.7142,6454764.598,0.797067881,36,0.03526,Sympatry,0.595613853,1,NA
D. melanogaster - D. orena,-8420.423074,0.789237422,1.592443832,-8362.611874,0.279290181,4.251073286,0.770710948,-8360.043789,0.177036818,0.738484731,8.424768986,0.440992301,-8361.428279,0.451860869,1.186934008,4.909584573,0.673987968,7.249962378,0.322057311,7.398394156,IM Model,795006.3418,6759260.444,0.694950808,36,0.04104,Sympatry,0.505517937,1,NA
D. melanogaster - D. sechellia,-13966.12997,0.702890652,1.819303261,-13884.92905,0.491984999,2.719926572,1.149882771,-13884.37813,0.537700429,0.151339869,3.166861045,1.049699722,-13886.69657,0.403247767,0.445230412,2.360939096,1.196891518,6.355738885,0.043121478,6.217391985,IM Model,983949.5234,5352540.908,0.737672662,33,0.0341,Allopatry,0,0.619439164,1
D. melanogaster - D. simulans,-4356.612361,0.56327639,1.900597136,-4341.93991,0.833307683,2.138863236,1.331008478,-4339.13334,1.011790055,0.408800405,3.836466395,1.002330851,-4339.412056,0.60734223,0.70354118,2.987889475,1.142529961,3.648048483,0.697804575,4.276555196,IM Model,849377.4747,3633404.508,0.831754317,33,0.02549,Sympatry,0.702813361,0.826903313,1
D. melanogaster - D. teissieri,-2770.527471,0.491363843,1.879492354,-2752.459617,0.760298342,2.916041712,1.112724439,-2752.463025,0.760806464,0.001002678,2.919493499,1.112014839,-2752.764975,0.378581404,0.121338859,1.739385821,1.317931253,6.965248265,-0.001313801,6.847531226,IM Model,974296.4057,5682177.918,0.891071131,36,0.03508,Sympatry,0.709377684,1,NA
D. melanogaster - D. yakuba,-2481.991064,0.565273577,1.734334758,-2467.267329,0.374544234,4.744582435,0.760696562,-2465.75608,0.126295017,1.253403221,14.98814725,0.286526764,-2466.753224,0.554516789,1.137815132,4.999936464,0.703639119,6.223049451,0.638735841,6.440338123,IM Model,673898.4426,6394733.427,0.830864447,36,0.03542,Sympatry,0.885061516,0.734042553,NA
D. miranda - D. persimilis,-5869.300998,0.47501551,2.066299939,-5845.246735,1.129006371,2.000021463,1.468642629,-5844.318069,1.330684095,0.224266961,3.03922091,1.219487783,-5845.031719,0.551190581,0.375803822,1.999287145,1.448283976,4.511302138,0.174168417,4.551627719,IM Model,713487.4801,2853980.547,0.895444313,24,0.01936,Sympatry,0.508363682,1,1
D. miranda - D. pseudoobscura,-5593.164591,0.485002873,2.021907916,-5579.664736,1.221491219,1.673857292,1.54661028,-5573.959053,0.776444809,0.505619647,5.721110749,0.857032774,-5575.421904,0.680803168,0.719304217,3.186875753,1.197688338,2.63669043,1.114391211,3.465368555,IM Model,797682.3114,2670412.707,0.870568126,24,0.02049,Sympatry,0.501072031,0.99537037,1
D. nasuta - D. albomicans,-7426.083312,0.218913611,2.434056985,-7425.705245,2.255631025,0.30466519,2.404113439,-7425.166759,2.120906177,0.305152504,12.35626221,1.07075558,-7425.36921,0.954511803,0.266296324,2.613028808,2.160821604,0.056360614,0.080275194,0.106455277,Strict Isolation,840767.998,368111.1169,0,2,0.01376,Allopatry,0,0.068400226,0
D. novamexicana - D. lacicola,-5346.062165,0.224477837,2.357471948,-5272.459231,0.205251651,9.999998741,0.50284265,-5269.481696,0.119605292,0.001000505,14.99997931,0.342347836,-5266.690979,0.441610408,0.040416815,2.538620489,1.185302897,15.13840683,0.612409502,16.32480173,IM Model,525898.0192,10517959.06,0.871588441,21,0.04152,Allopatry,0,1,NA
D. novamexicana - D. littoralis,-5668.670927,0.276192528,2.321522666,-5597.291673,0.193791022,9.99999727,0.503153047,-5595.925779,0.113572509,0.001000935,14.9999481,0.34267216,-5668.670931,0.999999987,0.276192594,2.944578576,2.321522466,13.93581687,0.266672003,-7.81E-07,IM Model,467753.4648,9355066.742,0.855995163,20,0.03722,Allopatry,0,0.788918206,NA
D. novamexicana - D. montana,-5707.406991,0.327199633,2.152883636,-5642.59347,0.185436897,9.99999231,0.476006819,-5642.201319,0.108724657,0.001001372,14.99969795,0.323735766,-5637.294096,0.401817431,0.022261463,2.057331727,1.27580816,12.36427337,0.074809424,13.37521843,IM Model,426712.9402,8534252.24,0.843447881,21,0.03565,Sympatry,0.467357418,1,0.75
D. novamexicana - D. virilis,-6195.156674,0.296068624,2.276086569,-6126.531655,0.197813404,9.999993398,0.505195033,-6126.125202,0.115725781,0.001001943,14.9988452,0.344000323,-6125.075923,0.479189994,0.193766764,2.593485849,1.207238205,12.21955467,0.07237411,12.4787662,IM Model,447550.5253,8951004.597,0.861672526,19,0.03511,Allopatry,0,0.507460036,0
D. obscura - D. tristis,-5675.684737,0.102636392,2.710901838,-5603.639316,14.99999019,1.936465062,1.790519084,-5603.338813,19.9998363,0.001000093,1.895720646,1.80914437,-5582.114063,0.481120787,0.001000118,2.369659881,1.34037885,14.22697887,0.059341035,18.47762125,Secondary contact model,989530.8071,4689702.91,0.481120787,23,0.02949,Sympatry,0.699038594,0.989746683,NA
D. parabipectinata - D. pseudoananassae,-4636.923586,0.089789174,2.733773794,-4610.510768,14.99999489,1.891128647,1.805029747,-4609.971246,19.99990328,0.0010001,1.807692132,1.834088192,-4606.058358,0.604475535,0.001000088,1.275615133,1.979335736,6.376827137,0.130256398,7.451769194,IM Model,1132674.289,4284065.591,1,31,0.02509,Sympatry,0.951171562,0.762171946,NA
D. persimilis - D. bifasciata,-1452.776321,0.317156073,2.056661574,-1437.490029,0.199784108,9.999995848,0.46611995,-1437.328876,0.119708406,0.085028904,14.99962265,0.317979366,-1437.612057,0.531608372,0.732291471,4.999956581,0.726087331,11.20695894,0.118147361,11.1174956,IM Model,508686.867,10173733.12,0.864371928,27,0.04341,Allopatry,0,0.975,NA
D. persimilis - D. pseudoobscura,-5979.975375,0.266639194,2.369203704,-5979.376284,1.900505234,0.383330639,2.32483637,-5979.377069,1.920464206,0.001011683,0.382672446,2.324833071,-5979.938594,0.994450223,0.278507541,3.32787419,2.316546886,0.110983883,-0.000145424,0.00681382,Strict Isolation,782473.2166,417276.0556,0,5,0.01315,Sympatry,0.564088459,0.785042646,0.5
D. persimilis - D. subobscura,-773.4436949,0.488185465,1.697721997,-770.2218759,1.171240887,1.982689484,1.227677225,-770.2224724,1.174257999,0.001000142,1.983776992,1.227373268,-770.1533189,0.420010239,0.16327969,1.577351336,1.273818242,4.272969496,-0.000791114,4.363893899,IM Model,1283966.308,5091412.993,0.901942911,27,0.04146,Allopatry,0,0.99137931,NA
D. pseudoobscura - D. bifasciata,-1499.029616,0.263889999,2.127708259,-1483.168467,0.210816071,9.999997051,0.473718416,-1482.808251,0.122788122,0.001002977,14.99987756,0.322770733,-1482.341062,0.518798794,0.364689277,3.610157736,0.918937125,11.28104481,0.256199147,11.86952632,IM Model,524581.8746,10491634.4,0.878538589,27,0.04384,Allopatry,0,0.941935484,NA
D. pseudoobscura - D. subobscura,-753.4309652,0.449093891,1.731797229,-746.8543156,0.20222019,8.556302755,0.458172007,-746.844807,0.151024265,0.157613786,11.16369132,0.359920883,-747.0280435,0.498903331,0.713262031,4.430330707,0.701797002,8.960013079,0.012954496,8.723326567,IM Model,453959.265,7768425.82,0.82276097,27,0.03939,Allopatry,0,0.962121212,NA
D. sechellia - D. erecta,-3841.950057,0.647619134,1.752115297,-3822.45344,0.580914918,2.628222439,1.12283699,-3822.201921,0.633986996,0.202385807,3.354699993,0.97838404,-3822.857408,0.452957953,0.473636714,2.400475309,1.142074006,5.421751112,0.069944105,5.309412959,IM Model,1409182.969,7407292.602,0.782764356,36,0.05021,Allopatry,0,1,NA
D. sechellia - D. orena,-10407.04592,1.01514405,1.488626067,-10357.16337,0.237832292,3.534341428,0.854678246,-10345.8285,0.097472032,2.825323748,14.99964329,0.248303224,-10347.71364,0.471935904,1.533061525,4.999993036,0.687632478,5.089017547,1.156383391,6.053078963,IM Model,919404.3094,6498977.479,0.568539778,36,0.04276,Allopatry,0,1,NA
D. sechellia - D. teissieri,-3520.834187,0.709544695,1.669753404,-3499.471835,0.382056561,3.597000154,0.895505964,-3498.35332,0.287998477,0.519926442,6.365372513,0.590079836,-3498.828226,0.492528139,0.993498506,4.179858533,0.790618669,6.434443373,0.336902108,6.628301506,IM Model,1105453.738,7952634.531,0.746972369,36,0.049,Allopatry,0,0.995,NA
D. sechellia - D. yakuba,-3402.66469,0.673460016,1.706713831,-3386.155919,0.486403792,3.031283595,1.013752133,-3384.231516,0.236185148,0.941632638,8.933499,0.463311802,-3385.33808,0.550362239,1.092016069,4.314895955,0.806552031,5.15255025,0.600625156,5.407805868,IM Model,1251422.246,7586831.449,0.771090109,36,0.04937,Allopatry,0,1,NA
D. simulans - D. erecta,-3586.510563,0.757310803,1.670802569,-3559.503868,0.335130631,3.709829844,0.881351017,-3559.504244,0.335197436,0.001024328,3.713162939,0.880781999,-3560.070225,0.353230067,0.42412078,2.744314542,1.003886504,8.0617,-0.000112239,7.892638209,IM Model,1036981.148,7694047.218,0.711562479,36,0.04699,Sympatry,0.643841264,0.997382199,NA
D. simulans - D. orena,-3099.207815,0.695914964,1.645895281,-3076.410411,0.274985953,4.899517351,0.706576525,-3075.467454,0.136484083,0.890319165,11.21917746,0.348441702,-3076.507945,0.472694023,1.145860758,4.999862788,0.66809524,7.748947655,0.320515636,7.715795377,IM Model,709414.1817,6951574.185,0.740058206,36,0.0399,Sympatry,0.488826331,0.953846154,NA
D. simulans - D. teissieri,-3627.158345,0.60277554,1.75226004,-3604.665304,0.407003375,4.098756984,0.850542142,-3603.347907,0.23695638,0.60327052,8.389661219,0.491545906,-3604.81638,0.53317792,0.976814816,4.307860804,0.795193139,6.576912573,0.385203801,6.532738304,IM Model,941865.4124,7720954.874,0.811415068,36,0.04395,Sympatry,0.433289806,0.961325967,NA
D. simulans - D. yakuba,-3697.415814,1.019129584,1.486645597,-3669.092883,0.219009978,3.946364675,0.795813263,-3669.094783,0.219090701,0.001004862,3.948422229,0.795452675,-3669.171336,0.259337148,0.393896844,2.983235608,0.906395042,8.166935121,-0.000547866,8.144313149,IM Model,856081.3931,6756818.737,0.578650515,36,0.04277,Sympatry,0.602553219,0.958730159,NA
D. subobscura - D. ambigua,-1393.938994,0.581444438,1.651301333,-1382.228207,0.38070341,4.377882997,0.757570658,-1382.230173,0.380328814,0.001002629,4.384987684,0.756678617,-1382.30011,0.660838353,1.99999763,0.110538159,1.108095261,8.700436107,-0.001460624,8.647016345,IM Model,905491.7981,7928274.294,0.811125757,26,0.04784,Sympatry,0.661285966,0.929569267,NA
D. subobscura - D. bifasciata,-1396.614746,0.4033203,1.854985647,-1384.783861,0.274886208,7.288668201,0.565633696,-1384.784187,0.274009727,0.001015924,7.30904276,0.564302628,-1384.975841,0.509008562,0.481460841,3.449991548,0.885727523,8.842215994,-0.000243647,8.698733184,IM Model,686982.2386,10014371.19,0.865144712,26,0.04842,Allopatry,0,0.934782609,NA
D. subobscura - D. obscura,-1378.859024,0.50539493,1.763162122,-1362.92713,0.139341179,9.999987105,0.394684013,-1362.894031,0.09427988,0.001008769,13.59938587,0.295530481,-1362.723976,0.378149121,0.236996928,3.050728837,0.888686109,12.10630243,0.025151216,12.26067477,IM Model,464377.8391,9287544.806,0.751772361,26,0.04653,Sympatry,0.552974396,1,NA
D. subobscura - D. tristis,-1333.946425,0.404365966,1.816153613,-1318.769366,0.163674855,9.999995467,0.403808168,-1318.58286,0.096946562,0.001005365,14.99974021,0.27489535,-1318.530483,0.421091811,0.240305961,3.138258149,0.874086479,11.80175661,0.145027994,11.98751322,IM Model,490439.3801,9808783.156,0.805387856,26,0.04871,Sympatry,0.605146477,0.98273878,NA
D. sulfurigaster albostrigata - D. kepulauna,-5890.685826,0.315445118,2.273481553,-5887.601754,2.730921316,0.696203149,2.107124513,-5884.012869,1.732024847,0.401383954,6.573283428,1.034916604,-5884.381938,0.816677072,0.373521659,2.112702746,1.767148731,0.577325346,0.671824223,1.1800614,Strict Isolation,910616.4898,574499.0521,0,14,0.01595,Sympatry,0.583618623,0.979381443,1
D. sulfurigaster albostrigata - D. pulaua,-3127.786937,0.340611171,2.095362171,-3127.68508,0.704131566,0.403668964,2.072532067,-3127.685368,0.709709496,0.001025748,0.402746488,2.072549408,-3127.786941,0.999999504,0.340611464,1.922222666,2.095360487,0.034978365,-9.89E-05,-1.37E-06,Strict Isolation,542210.6392,369366.0015,0,14,0.0103,Sympatry,0.583618623,0.992078001,0
D. sulfurigaster albostrigata - D. sulfurigaster bilimbata,-6570.929862,0.257994622,2.362303188,-6570.599366,1.504553614,0.336782377,2.33360379,-6570.042063,2.85872411,0.411228337,11.58578146,1.079090185,-6569.644748,0.982057093,0.311931984,4.116199816,2.153153755,0.055545546,0.09366437,0.215985546,Strict Isolation,839076.7746,432954.5906,0,14,0.01413,Allopatry,0,0.430365297,0.25
D. sulfurigaster albostrigata - D. sulfurigaster neonasuta,-6470.555503,0.249387614,2.397610525,-6468.95409,3.69401925,0.49999831,2.292793749,-6465.963973,19.99728316,0.387336612,5.090847905,1.273568459,-6464.621231,0.845667392,0.322564964,2.265277977,1.84637903,0.274402502,0.512357265,1.016838931,Strict Isolation,970661.0818,484141.7024,0,14,0.01613,Allopatry,0,0.183673469,0
D. sulfurigaster albostrigata - D. sulfurigaster sulfurigaster,-6561.43381,0.262551356,2.407038322,-6561.418317,0.359225912,0.279002882,2.400705346,-6561.416152,19.96662845,0.506489302,14.99957656,1.189096575,-6560.904612,0.96884727,0.31481015,3.078201311,2.169330651,0.002627714,0.000367198,0.089755427,Strict Isolation,835266.7543,438600.8379,0,14,0.01381,Allopatry,0,0.132816824,0
D. sulfurigaster bilimbata - D. pulaua,-3822.899404,0.24330253,2.307858893,-3822.899418,0.000105506,0.243306227,2.307857839,-3822.648159,19.97273491,0.46466785,12.0600777,1.14255027,-3819.632832,0.976407669,0.336455206,4.993638715,1.983913679,-3.99E-06,0.071665431,0.93170907,Strict Isolation,553453.9974,269313.5156,0,13,0.00954,Allopatry,0,0.921381775,0
D. sulfurigaster bilimbata - D. sulfurigaster neonasuta,-7387.308194,0.275675524,2.411931098,-7346.959726,0.511353468,6.607565787,0.866947259,-7346.337079,0.443714876,0.096351009,7.682585154,0.775685327,-7350.17443,0.664541294,0.446289227,3.039358069,1.32842541,6.115257351,0.094369051,5.628033343,IM Model,544018.1093,7189270.893,0.965911644,14,0.02496,Allopatry,0,0.595550485,0.5
D. sulfurigaster bilimbata - D. sulfurigaster sulfurigaster,-3580.410402,0.165586342,2.180214352,-3579.894396,8.420850192,0.336941963,2.132507592,-3579.895665,8.605304987,0.001000275,0.336312792,2.132516452,-3579.310942,0.991588635,0.1930929,4.999991342,2.063023453,0.150878947,-0.000371053,0.321479532,Strict Isolation,481445.0659,159441.4547,0,1,0.00879,Allopatry,0,0.097560976,0
D. sulfurigaster neonasuta - D. pulaua,-7534.437356,0.258568816,2.4902347,-7496.645107,0.391767026,8.421905827,0.755355623,-7494.374073,0.193248577,0.367385425,14.99982286,0.450362436,-7498.302247,0.687051929,0.569780794,3.747274717,1.222278575,5.657522305,0.33997515,5.409447455,IM Model,470075.9378,7917870.56,0.963095537,14,0.02478,Allopatry,0,0.909866017,0.5
D. sulfurigaster neonasuta - D. sulfurigaster sulfurigaster,-7678.780861,0.253775602,2.509699453,-7641.630427,0.46973531,7.532626977,0.835147425,-7640.470634,0.284091463,0.192508942,11.29874476,0.594680519,-7644.591523,0.687121237,0.412551371,2.930221737,1.430092667,5.468123933,0.170708419,5.032284074,IM Model,515472.191,7765719.464,0.970938427,14,0.02462,Allopatry,0,0.415376106,0.5
D. sulfurigaster sulfurigaster - D. pulaua,-3505.605814,0.220832197,2.281707725,-3505.605826,0.000105786,0.220835181,2.28170698,-3505.605817,8.680736737,0.217249201,0.003639519,2.281707303,-3504.996581,0.994078041,0.24093675,4.99999181,2.197946581,-3.70E-06,2.77E-06,0.187687307,Strict Isolation,528662.5869,233491.4411,0,13,0.00922,Allopatry,0,0.785467128,0
D. teissieri- D. erecta,-3978.891186,0.581898774,1.843747272,-3955.410384,0.603070863,2.945806529,1.097047117,-3955.145251,0.589313635,0.153781536,3.716500448,0.956888279,-3955.544382,0.454743413,0.407013205,2.379483617,1.174865304,6.356470493,0.071773958,6.320195994,IM Model,1290765.151,7604688.817,0.830775474,35,0.04688,Sympatry,0.728328662,0.977011494,NA
D. teissieri - D. orena,-3447.744872,0.74457416,1.608189782,-3433.528459,0.477194223,2.632678554,1.048489312,-3432.08752,0.347880898,0.794721193,6.52421958,0.576526894,-3432.899847,0.531098124,0.962605194,3.658187626,0.869532458,4.331631018,0.439042962,4.523164229,IM Model,1052700.112,5542842.02,0.715293983,35,0.03974,Sympatry,0.513176994,1,NA
D. triauraria - D. rufa,-3981.053529,0.268353246,2.236597787,-3946.897833,1.269545514,3.261919695,1.212061768,-3947.320411,0.268669892,0.001000967,8.952805954,0.572901834,-3945.032939,0.500102593,0.122197246,2.090256886,1.346990588,9.337259705,-0.115521597,9.847072171,IM Model,1099635.078,7173842.634,0.984095493,29,0.03595,Sympatry,0.563806472,0.963319303,NA
D. virilis - D. ezoana,-4226.561825,0.082890603,2.585958721,-4195.353553,14.99998769,2.391056983,1.604419002,-4195.665636,19.99988143,0.001000126,1.999997365,1.686839555,-4192.724452,0.591654066,0.001000284,1.742136866,1.635699004,8.072496637,-0.080725039,8.752553802,IM Model,1421349.222,6797053.966,1,20,0.03536,Sympatry,0.325482629,0.9645,NA
D. virilis - D. lacicola,-3941.41008,0.27963191,2.256508279,-3896.79803,0.202754672,9.999996646,0.500002399,-3896.122608,0.118565933,0.001002747,14.99985613,0.340730821,-3896.444085,0.508893918,0.332197668,3.312415431,1.032798928,12.39223611,0.187617222,12.49055417,IM Model,488971.2085,9779420.891,0.868341611,21,0.03885,Allopatry,0,0.799457995,NA
D. virilis - D. littoralis,-4176.996138,0.374008673,2.088873183,-4133.80022,0.180664558,9.998928423,0.47299349,-4133.441467,0.116079636,0.318451749,14.99959649,0.323322345,-4134.40738,0.520940744,0.81417276,4.999634798,0.751496895,11.21971896,0.093182597,11.06201506,IM Model,494680.2732,9892545.288,0.835763985,20,0.04184,Allopatry,0,0.682291667,0
D. yakuba - D. erecta,-3861.875139,0.682578359,1.734219435,-3843.617992,0.57140379,2.427317971,1.165511401,-3843.57133,0.637010945,0.141239666,2.862809687,1.064124897,-3844.124998,0.358332675,0.288334975,1.903935089,1.255029699,5.060184867,0.012932927,4.91966214,IM Model,1371318.949,6657254.257,0.75017079,35,0.04701,Sympatry,0.624153997,0.994505495,NA
D. yakuba - D. orena,-3370.540827,0.819613209,1.580911713,-3351.292404,0.380618245,2.963524378,0.978150795,-3351.266822,0.399343572,0.058955444,3.070875949,0.954180822,-3351.279853,0.353272501,0.458219465,2.570307201,1.018583602,6.04156403,0.008029504,6.045503453,IM Model,995350.4508,5899490.651,0.676310543,35,0.04058,Sympatry,0.507165007,1,NA
D. yakuba - D. santomea,-6727.228037,0.451837891,2.10207443,-6693.557618,1.295253122,1.83256925,1.542262458,-6693.567308,1.299034428,0.001000933,1.833522475,1.541901411,-6693.281848,0.374358356,0.087356931,1.334668042,1.63400314,5.52698933,-0.001590611,5.572256894,IM Model,790028.7159,2895564.663,0.906858873,8,0.02041,Sympatry,0.290720643,0.842032011,0.5
D. yakuba - D. teissieri,-5380.504835,0.390662745,2.153712695,-5339.929848,0.462548942,5.2423167,0.866319319,-5339.718981,0.38923071,0.094978685,6.328674121,0.754381671,-5342.069768,0.539273322,0.398178721,2.712876116,1.215232414,8.304336267,0.043157388,7.866366558,IM Model,724832.0942,7599598.784,0.911506521,34,0.03335,Sympatry,0.771875629,0.988372093,NA